{
  "fio version" : "fio-3.42",
  "timestamp" : 1778383187,
  "timestamp_ms" : 1778383187087,
  "time" : "Sat May  9 20:19:47 2026",
  "jobs" : [
    {
      "jobname" : "seq_read",
      "groupid" : 0,
      "job_start" : 1778383166828,
      "error" : 0,
      "eta" : 0,
      "elapsed" : 21,
      "job options" : {
        "name" : "seq_read",
        "filename" : "/tmp/apollo-bench-fio/test",
        "size" : "512M",
        "bs" : "1M",
        "rw" : "read",
        "runtime" : "20",
        "time_based" : ""
      },
      "read" : {
        "io_bytes" : 61797826560,
        "io_kbytes" : 60349440,
        "bw_bytes" : 3089736841,
        "bw" : 3017321,
        "iops" : 2946.602670,
        "runtime" : 20001,
        "total_ios" : 58935,
        "short_ios" : 0,
        "drop_ios" : 0,
        "slat_ns" : {
          "min" : 0,
          "max" : 0,
          "mean" : 0.000000,
          "stddev" : 0.000000,
          "N" : 0
        },
        "clat_ns" : {
          "min" : 58000,
          "max" : 2843000,
          "mean" : 318572.647832,
          "stddev" : 86657.088326,
          "N" : 58935,
          "percentile" : {
            "1.000000" : 158720,
            "5.000000" : 226304,
            "10.000000" : 248832,
            "20.000000" : 272384,
            "30.000000" : 288768,
            "40.000000" : 301056,
            "50.000000" : 309248,
            "60.000000" : 321536,
            "70.000000" : 333824,
            "80.000000" : 354304,
            "90.000000" : 387072,
            "95.000000" : 428032,
            "99.000000" : 585728,
            "99.500000" : 708608,
            "99.900000" : 1269760,
            "99.950000" : 1695744,
            "99.990000" : 2277376
          }
        },
        "lat_ns" : {
          "min" : 58000,
          "max" : 2843000,
          "mean" : 318635.513702,
          "stddev" : 86661.320683,
          "N" : 58935
        },
        "bw_min" : 2788462,
        "bw_max" : 3139449,
        "bw_agg" : 100.000000,
        "bw_mean" : 3018408.512821,
        "bw_dev" : 87900.004378,
        "bw_samples" : 39,
        "iops_min" : 2723,
        "iops_max" : 3065,
        "iops_mean" : 2947.282051,
        "iops_stddev" : 85.756064,
        "iops_samples" : 39
      },
      "write" : {
        "io_bytes" : 0,
        "io_kbytes" : 0,
        "bw_bytes" : 0,
        "bw" : 0,
        "iops" : 0.000000,
        "runtime" : 0,
        "total_ios" : 0,
        "short_ios" : 0,
        "drop_ios" : 0,
        "slat_ns" : {
          "min" : 0,
          "max" : 0,
          "mean" : 0.000000,
          "stddev" : 0.000000,
          "N" : 0
        },
        "clat_ns" : {
          "min" : 0,
          "max" : 0,
          "mean" : 0.000000,
          "stddev" : 0.000000,
          "N" : 0
        },
        "lat_ns" : {
          "min" : 0,
          "max" : 0,
          "mean" : 0.000000,
          "stddev" : 0.000000,
          "N" : 0
        },
        "bw_min" : 0,
        "bw_max" : 0,
        "bw_agg" : 0.000000,
        "bw_mean" : 0.000000,
        "bw_dev" : 0.000000,
        "bw_samples" : 0,
        "iops_min" : 0,
        "iops_max" : 0,
        "iops_mean" : 0.000000,
        "iops_stddev" : 0.000000,
        "iops_samples" : 0
      },
      "trim" : {
        "io_bytes" : 0,
        "io_kbytes" : 0,
        "bw_bytes" : 0,
        "bw" : 0,
        "iops" : 0.000000,
        "runtime" : 0,
        "total_ios" : 0,
        "short_ios" : 0,
        "drop_ios" : 0,
        "slat_ns" : {
          "min" : 0,
          "max" : 0,
          "mean" : 0.000000,
          "stddev" : 0.000000,
          "N" : 0
        },
        "clat_ns" : {
          "min" : 0,
          "max" : 0,
          "mean" : 0.000000,
          "stddev" : 0.000000,
          "N" : 0
        },
        "lat_ns" : {
          "min" : 0,
          "max" : 0,
          "mean" : 0.000000,
          "stddev" : 0.000000,
          "N" : 0
        },
        "bw_min" : 0,
        "bw_max" : 0,
        "bw_agg" : 0.000000,
        "bw_mean" : 0.000000,
        "bw_dev" : 0.000000,
        "bw_samples" : 0,
        "iops_min" : 0,
        "iops_max" : 0,
        "iops_mean" : 0.000000,
        "iops_stddev" : 0.000000,
        "iops_samples" : 0
      },
      "sync" : {
        "total_ios" : 0,
        "lat_ns" : {
          "min" : 0,
          "max" : 0,
          "mean" : 0.000000,
          "stddev" : 0.000000,
          "N" : 0
        }
      },
      "job_runtime" : 20001,
      "usr_cpu" : 0.329984,
      "sys_cpu" : 41.942903,
      "ctx" : 165013,
      "majf" : 2,
      "minf" : 75,
      "iodepth_level" : {
        "1" : 100.000000,
        "2" : 0.000000,
        "4" : 0.000000,
        "8" : 0.000000,
        "16" : 0.000000,
        "32" : 0.000000,
        ">=64" : 0.000000
      },
      "iodepth_submit" : {
        "0" : 0.000000,
        "4" : 100.000000,
        "8" : 0.000000,
        "16" : 0.000000,
        "32" : 0.000000,
        "64" : 0.000000,
        ">=64" : 0.000000
      },
      "iodepth_complete" : {
        "0" : 0.000000,
        "4" : 100.000000,
        "8" : 0.000000,
        "16" : 0.000000,
        "32" : 0.000000,
        "64" : 0.000000,
        ">=64" : 0.000000
      },
      "latency_ns" : {
        "2" : 0.000000,
        "4" : 0.000000,
        "10" : 0.000000,
        "20" : 0.000000,
        "50" : 0.000000,
        "100" : 0.000000,
        "250" : 0.000000,
        "500" : 0.000000,
        "750" : 0.000000,
        "1000" : 0.000000
      },
      "latency_us" : {
        "2" : 0.000000,
        "4" : 0.000000,
        "10" : 0.000000,
        "20" : 0.000000,
        "50" : 0.000000,
        "100" : 0.534487,
        "250" : 9.848138,
        "500" : 87.182489,
        "750" : 2.027658,
        "1000" : 0.256214
      },
      "latency_ms" : {
        "2" : 0.137440,
        "4" : 0.013574,
        "10" : 0.000000,
        "20" : 0.000000,
        "50" : 0.000000,
        "100" : 0.000000,
        "250" : 0.000000,
        "500" : 0.000000,
        "750" : 0.000000,
        "1000" : 0.000000,
        "2000" : 0.000000,
        ">=2000" : 0.000000
      },
      "latency_depth" : 1,
      "latency_target" : 0,
      "latency_target_ns" : 0,
      "latency_percentile" : 100.000000,
      "latency_window" : 0,
      "latency_window_us" : 0
    }
  ]
}
