{
  "fio version" : "fio-3.42",
  "timestamp" : 1778383207,
  "timestamp_ms" : 1778383207426,
  "time" : "Sat May  9 20:20:07 2026",
  "jobs" : [
    {
      "jobname" : "rand_read",
      "groupid" : 0,
      "job_start" : 1778383187277,
      "error" : 0,
      "eta" : 0,
      "elapsed" : 21,
      "job options" : {
        "name" : "rand_read",
        "filename" : "/tmp/apollo-bench-fio/test",
        "size" : "512M",
        "bs" : "4K",
        "rw" : "randread",
        "runtime" : "20",
        "time_based" : ""
      },
      "read" : {
        "io_bytes" : 3150020608,
        "io_kbytes" : 3076192,
        "bw_bytes" : 157493155,
        "bw" : 153801,
        "iops" : 38450.477476,
        "runtime" : 20001,
        "total_ios" : 769048,
        "short_ios" : 0,
        "drop_ios" : 0,
        "slat_ns" : {
          "min" : 0,
          "max" : 0,
          "mean" : 0.000000,
          "stddev" : 0.000000,
          "N" : 0
        },
        "clat_ns" : {
          "min" : 0,
          "max" : 1649000,
          "mean" : 25726.035306,
          "stddev" : 39998.623725,
          "N" : 769048,
          "percentile" : {
            "1.000000" : 0,
            "5.000000" : 0,
            "10.000000" : 1004,
            "20.000000" : 1004,
            "30.000000" : 1004,
            "40.000000" : 1004,
            "50.000000" : 1004,
            "60.000000" : 1004,
            "70.000000" : 2008,
            "80.000000" : 82432,
            "90.000000" : 85504,
            "95.000000" : 87552,
            "99.000000" : 111104,
            "99.500000" : 116224,
            "99.900000" : 154624,
            "99.950000" : 264192,
            "99.990000" : 505856
          }
        },
        "lat_ns" : {
          "min" : 0,
          "max" : 1649000,
          "mean" : 25750.331579,
          "stddev" : 39999.349789,
          "N" : 769048
        },
        "bw_min" : 49528,
        "bw_max" : 542035,
        "bw_agg" : 98.966912,
        "bw_mean" : 152213.102564,
        "bw_dev" : 116687.145074,
        "bw_samples" : 39,
        "iops_min" : 12382,
        "iops_max" : 135508,
        "iops_mean" : 38052.974359,
        "iops_stddev" : 29171.736557,
        "iops_samples" : 39
      },
      "write" : {
        "io_bytes" : 0,
        "io_kbytes" : 0,
        "bw_bytes" : 0,
        "bw" : 0,
        "iops" : 0.000000,
        "runtime" : 0,
        "total_ios" : 0,
        "short_ios" : 0,
        "drop_ios" : 0,
        "slat_ns" : {
          "min" : 0,
          "max" : 0,
          "mean" : 0.000000,
          "stddev" : 0.000000,
          "N" : 0
        },
        "clat_ns" : {
          "min" : 0,
          "max" : 0,
          "mean" : 0.000000,
          "stddev" : 0.000000,
          "N" : 0
        },
        "lat_ns" : {
          "min" : 0,
          "max" : 0,
          "mean" : 0.000000,
          "stddev" : 0.000000,
          "N" : 0
        },
        "bw_min" : 0,
        "bw_max" : 0,
        "bw_agg" : 0.000000,
        "bw_mean" : 0.000000,
        "bw_dev" : 0.000000,
        "bw_samples" : 0,
        "iops_min" : 0,
        "iops_max" : 0,
        "iops_mean" : 0.000000,
        "iops_stddev" : 0.000000,
        "iops_samples" : 0
      },
      "trim" : {
        "io_bytes" : 0,
        "io_kbytes" : 0,
        "bw_bytes" : 0,
        "bw" : 0,
        "iops" : 0.000000,
        "runtime" : 0,
        "total_ios" : 0,
        "short_ios" : 0,
        "drop_ios" : 0,
        "slat_ns" : {
          "min" : 0,
          "max" : 0,
          "mean" : 0.000000,
          "stddev" : 0.000000,
          "N" : 0
        },
        "clat_ns" : {
          "min" : 0,
          "max" : 0,
          "mean" : 0.000000,
          "stddev" : 0.000000,
          "N" : 0
        },
        "lat_ns" : {
          "min" : 0,
          "max" : 0,
          "mean" : 0.000000,
          "stddev" : 0.000000,
          "N" : 0
        },
        "bw_min" : 0,
        "bw_max" : 0,
        "bw_agg" : 0.000000,
        "bw_mean" : 0.000000,
        "bw_dev" : 0.000000,
        "bw_samples" : 0,
        "iops_min" : 0,
        "iops_max" : 0,
        "iops_mean" : 0.000000,
        "iops_stddev" : 0.000000,
        "iops_samples" : 0
      },
      "sync" : {
        "total_ios" : 0,
        "lat_ns" : {
          "min" : 0,
          "max" : 0,
          "mean" : 0.000000,
          "stddev" : 0.000000,
          "N" : 0
        }
      },
      "job_runtime" : 20000,
      "usr_cpu" : 1.365000,
      "sys_cpu" : 10.685000,
      "ctx" : 223474,
      "majf" : 0,
      "minf" : 10,
      "iodepth_level" : {
        "1" : 100.000000,
        "2" : 0.000000,
        "4" : 0.000000,
        "8" : 0.000000,
        "16" : 0.000000,
        "32" : 0.000000,
        ">=64" : 0.000000
      },
      "iodepth_submit" : {
        "0" : 0.000000,
        "4" : 100.000000,
        "8" : 0.000000,
        "16" : 0.000000,
        "32" : 0.000000,
        "64" : 0.000000,
        ">=64" : 0.000000
      },
      "iodepth_complete" : {
        "0" : 0.000000,
        "4" : 100.000000,
        "8" : 0.000000,
        "16" : 0.000000,
        "32" : 0.000000,
        "64" : 0.000000,
        ">=64" : 0.000000
      },
      "latency_ns" : {
        "2" : 6.357731,
        "4" : 0.000000,
        "10" : 0.000000,
        "20" : 0.000000,
        "50" : 0.000000,
        "100" : 0.000000,
        "250" : 0.000000,
        "500" : 0.000000,
        "750" : 0.000000,
        "1000" : 0.000000
      },
      "latency_us" : {
        "2" : 60.944310,
        "4" : 3.232958,
        "10" : 0.443145,
        "20" : 0.010000,
        "50" : 0.044861,
        "100" : 27.052148,
        "250" : 1.866594,
        "500" : 0.044991,
        "750" : 0.010000,
        "1000" : 0.010000
      },
      "latency_ms" : {
        "2" : 0.010000,
        "4" : 0.000000,
        "10" : 0.000000,
        "20" : 0.000000,
        "50" : 0.000000,
        "100" : 0.000000,
        "250" : 0.000000,
        "500" : 0.000000,
        "750" : 0.000000,
        "1000" : 0.000000,
        "2000" : 0.000000,
        ">=2000" : 0.000000
      },
      "latency_depth" : 1,
      "latency_target" : 0,
      "latency_target_ns" : 0,
      "latency_percentile" : 100.000000,
      "latency_window" : 0,
      "latency_window_us" : 0
    }
  ]
}
