{
  "fio version" : "fio-3.42",
  "timestamp" : 1778383448,
  "timestamp_ms" : 1778383448731,
  "time" : "Sat May  9 20:24:08 2026",
  "jobs" : [
    {
      "jobname" : "rand_read",
      "groupid" : 0,
      "job_start" : 1778383428585,
      "error" : 0,
      "eta" : 0,
      "elapsed" : 21,
      "job options" : {
        "name" : "rand_read",
        "filename" : "/tmp/apollo-bench-fio/test",
        "size" : "512M",
        "bs" : "4K",
        "rw" : "randread",
        "runtime" : "20",
        "time_based" : ""
      },
      "read" : {
        "io_bytes" : 1368481792,
        "io_kbytes" : 1336408,
        "bw_bytes" : 68420668,
        "bw" : 66817,
        "iops" : 16704.264787,
        "runtime" : 20001,
        "total_ios" : 334102,
        "short_ios" : 0,
        "drop_ios" : 0,
        "slat_ns" : {
          "min" : 0,
          "max" : 0,
          "mean" : 0.000000,
          "stddev" : 0.000000,
          "N" : 0
        },
        "clat_ns" : {
          "min" : 0,
          "max" : 7902000,
          "mean" : 59407.875439,
          "stddev" : 73066.567364,
          "N" : 334102,
          "percentile" : {
            "1.000000" : 1004,
            "5.000000" : 1004,
            "10.000000" : 1004,
            "20.000000" : 1004,
            "30.000000" : 1004,
            "40.000000" : 2008,
            "50.000000" : 83456,
            "60.000000" : 85504,
            "70.000000" : 88576,
            "80.000000" : 93696,
            "90.000000" : 114176,
            "95.000000" : 126464,
            "99.000000" : 173056,
            "99.500000" : 280576,
            "99.900000" : 675840,
            "99.950000" : 1056768,
            "99.990000" : 2211840
          }
        },
        "lat_ns" : {
          "min" : 0,
          "max" : 7902000,
          "mean" : 59436.291911,
          "stddev" : 73069.937352,
          "N" : 334102
        },
        "bw_min" : 33664,
        "bw_max" : 130582,
        "bw_agg" : 100.000000,
        "bw_mean" : 67176.615385,
        "bw_dev" : 22555.507097,
        "bw_samples" : 39,
        "iops_min" : 8416,
        "iops_max" : 32645,
        "iops_mean" : 16793.794872,
        "iops_stddev" : 5638.850257,
        "iops_samples" : 39
      },
      "write" : {
        "io_bytes" : 0,
        "io_kbytes" : 0,
        "bw_bytes" : 0,
        "bw" : 0,
        "iops" : 0.000000,
        "runtime" : 0,
        "total_ios" : 0,
        "short_ios" : 0,
        "drop_ios" : 0,
        "slat_ns" : {
          "min" : 0,
          "max" : 0,
          "mean" : 0.000000,
          "stddev" : 0.000000,
          "N" : 0
        },
        "clat_ns" : {
          "min" : 0,
          "max" : 0,
          "mean" : 0.000000,
          "stddev" : 0.000000,
          "N" : 0
        },
        "lat_ns" : {
          "min" : 0,
          "max" : 0,
          "mean" : 0.000000,
          "stddev" : 0.000000,
          "N" : 0
        },
        "bw_min" : 0,
        "bw_max" : 0,
        "bw_agg" : 0.000000,
        "bw_mean" : 0.000000,
        "bw_dev" : 0.000000,
        "bw_samples" : 0,
        "iops_min" : 0,
        "iops_max" : 0,
        "iops_mean" : 0.000000,
        "iops_stddev" : 0.000000,
        "iops_samples" : 0
      },
      "trim" : {
        "io_bytes" : 0,
        "io_kbytes" : 0,
        "bw_bytes" : 0,
        "bw" : 0,
        "iops" : 0.000000,
        "runtime" : 0,
        "total_ios" : 0,
        "short_ios" : 0,
        "drop_ios" : 0,
        "slat_ns" : {
          "min" : 0,
          "max" : 0,
          "mean" : 0.000000,
          "stddev" : 0.000000,
          "N" : 0
        },
        "clat_ns" : {
          "min" : 0,
          "max" : 0,
          "mean" : 0.000000,
          "stddev" : 0.000000,
          "N" : 0
        },
        "lat_ns" : {
          "min" : 0,
          "max" : 0,
          "mean" : 0.000000,
          "stddev" : 0.000000,
          "N" : 0
        },
        "bw_min" : 0,
        "bw_max" : 0,
        "bw_agg" : 0.000000,
        "bw_mean" : 0.000000,
        "bw_dev" : 0.000000,
        "bw_samples" : 0,
        "iops_min" : 0,
        "iops_max" : 0,
        "iops_mean" : 0.000000,
        "iops_stddev" : 0.000000,
        "iops_samples" : 0
      },
      "sync" : {
        "total_ios" : 0,
        "lat_ns" : {
          "min" : 0,
          "max" : 0,
          "mean" : 0.000000,
          "stddev" : 0.000000,
          "N" : 0
        }
      },
      "job_runtime" : 20000,
      "usr_cpu" : 0.945000,
      "sys_cpu" : 10.745000,
      "ctx" : 199059,
      "majf" : 0,
      "minf" : 11,
      "iodepth_level" : {
        "1" : 100.000000,
        "2" : 0.000000,
        "4" : 0.000000,
        "8" : 0.000000,
        "16" : 0.000000,
        "32" : 0.000000,
        ">=64" : 0.000000
      },
      "iodepth_submit" : {
        "0" : 0.000000,
        "4" : 100.000000,
        "8" : 0.000000,
        "16" : 0.000000,
        "32" : 0.000000,
        "64" : 0.000000,
        ">=64" : 0.000000
      },
      "iodepth_complete" : {
        "0" : 0.000000,
        "4" : 100.000000,
        "8" : 0.000000,
        "16" : 0.000000,
        "32" : 0.000000,
        "64" : 0.000000,
        ">=64" : 0.000000
      },
      "latency_ns" : {
        "2" : 0.852734,
        "4" : 0.000000,
        "10" : 0.000000,
        "20" : 0.000000,
        "50" : 0.000000,
        "100" : 0.000000,
        "250" : 0.000000,
        "500" : 0.000000,
        "750" : 0.000000,
        "1000" : 0.000000
      },
      "latency_us" : {
        "2" : 31.456860,
        "4" : 9.025986,
        "10" : 0.683025,
        "20" : 0.015863,
        "50" : 0.065549,
        "100" : 41.585803,
        "250" : 15.758361,
        "500" : 0.346301,
        "750" : 0.127207,
        "1000" : 0.027537
      },
      "latency_ms" : {
        "2" : 0.042502,
        "4" : 0.010775,
        "10" : 0.010000,
        "20" : 0.000000,
        "50" : 0.000000,
        "100" : 0.000000,
        "250" : 0.000000,
        "500" : 0.000000,
        "750" : 0.000000,
        "1000" : 0.000000,
        "2000" : 0.000000,
        ">=2000" : 0.000000
      },
      "latency_depth" : 1,
      "latency_target" : 0,
      "latency_target_ns" : 0,
      "latency_percentile" : 100.000000,
      "latency_window" : 0,
      "latency_window_us" : 0
    }
  ]
}
