{
  "fio version" : "fio-3.42",
  "timestamp" : 1778383428,
  "timestamp_ms" : 1778383428397,
  "time" : "Sat May  9 20:23:48 2026",
  "jobs" : [
    {
      "jobname" : "seq_read",
      "groupid" : 0,
      "job_start" : 1778383408319,
      "error" : 0,
      "eta" : 0,
      "elapsed" : 21,
      "job options" : {
        "name" : "seq_read",
        "filename" : "/tmp/apollo-bench-fio/test",
        "size" : "512M",
        "bs" : "1M",
        "rw" : "read",
        "runtime" : "20",
        "time_based" : ""
      },
      "read" : {
        "io_bytes" : 60313042944,
        "io_kbytes" : 58899456,
        "bw_bytes" : 3015501372,
        "bw" : 2944825,
        "iops" : 2875.806210,
        "runtime" : 20001,
        "total_ios" : 57519,
        "short_ios" : 0,
        "drop_ios" : 0,
        "slat_ns" : {
          "min" : 0,
          "max" : 0,
          "mean" : 0.000000,
          "stddev" : 0.000000,
          "N" : 0
        },
        "clat_ns" : {
          "min" : 63000,
          "max" : 6581000,
          "mean" : 322951.494289,
          "stddev" : 204145.493547,
          "N" : 57519,
          "percentile" : {
            "1.000000" : 68096,
            "5.000000" : 73216,
            "10.000000" : 80384,
            "20.000000" : 111104,
            "30.000000" : 197632,
            "40.000000" : 268288,
            "50.000000" : 296960,
            "60.000000" : 325632,
            "70.000000" : 374784,
            "80.000000" : 509952,
            "90.000000" : 618496,
            "95.000000" : 684032,
            "99.000000" : 839680,
            "99.500000" : 913408,
            "99.900000" : 1220608,
            "99.950000" : 1400832,
            "99.990000" : 2605056
          }
        },
        "lat_ns" : {
          "min" : 63000,
          "max" : 6581000,
          "mean" : 323030.981067,
          "stddev" : 204148.591712,
          "N" : 57519
        },
        "bw_min" : 2668483,
        "bw_max" : 3090358,
        "bw_agg" : 100.000000,
        "bw_mean" : 2956811.128205,
        "bw_dev" : 94445.293410,
        "bw_samples" : 39,
        "iops_min" : 2605,
        "iops_max" : 3017,
        "iops_mean" : 2887.102564,
        "iops_stddev" : 92.253596,
        "iops_samples" : 39
      },
      "write" : {
        "io_bytes" : 0,
        "io_kbytes" : 0,
        "bw_bytes" : 0,
        "bw" : 0,
        "iops" : 0.000000,
        "runtime" : 0,
        "total_ios" : 0,
        "short_ios" : 0,
        "drop_ios" : 0,
        "slat_ns" : {
          "min" : 0,
          "max" : 0,
          "mean" : 0.000000,
          "stddev" : 0.000000,
          "N" : 0
        },
        "clat_ns" : {
          "min" : 0,
          "max" : 0,
          "mean" : 0.000000,
          "stddev" : 0.000000,
          "N" : 0
        },
        "lat_ns" : {
          "min" : 0,
          "max" : 0,
          "mean" : 0.000000,
          "stddev" : 0.000000,
          "N" : 0
        },
        "bw_min" : 0,
        "bw_max" : 0,
        "bw_agg" : 0.000000,
        "bw_mean" : 0.000000,
        "bw_dev" : 0.000000,
        "bw_samples" : 0,
        "iops_min" : 0,
        "iops_max" : 0,
        "iops_mean" : 0.000000,
        "iops_stddev" : 0.000000,
        "iops_samples" : 0
      },
      "trim" : {
        "io_bytes" : 0,
        "io_kbytes" : 0,
        "bw_bytes" : 0,
        "bw" : 0,
        "iops" : 0.000000,
        "runtime" : 0,
        "total_ios" : 0,
        "short_ios" : 0,
        "drop_ios" : 0,
        "slat_ns" : {
          "min" : 0,
          "max" : 0,
          "mean" : 0.000000,
          "stddev" : 0.000000,
          "N" : 0
        },
        "clat_ns" : {
          "min" : 0,
          "max" : 0,
          "mean" : 0.000000,
          "stddev" : 0.000000,
          "N" : 0
        },
        "lat_ns" : {
          "min" : 0,
          "max" : 0,
          "mean" : 0.000000,
          "stddev" : 0.000000,
          "N" : 0
        },
        "bw_min" : 0,
        "bw_max" : 0,
        "bw_agg" : 0.000000,
        "bw_mean" : 0.000000,
        "bw_dev" : 0.000000,
        "bw_samples" : 0,
        "iops_min" : 0,
        "iops_max" : 0,
        "iops_mean" : 0.000000,
        "iops_stddev" : 0.000000,
        "iops_samples" : 0
      },
      "sync" : {
        "total_ios" : 0,
        "lat_ns" : {
          "min" : 0,
          "max" : 0,
          "mean" : 0.000000,
          "stddev" : 0.000000,
          "N" : 0
        }
      },
      "job_runtime" : 20001,
      "usr_cpu" : 0.379981,
      "sys_cpu" : 50.842458,
      "ctx" : 211353,
      "majf" : 2,
      "minf" : 80,
      "iodepth_level" : {
        "1" : 100.000000,
        "2" : 0.000000,
        "4" : 0.000000,
        "8" : 0.000000,
        "16" : 0.000000,
        "32" : 0.000000,
        ">=64" : 0.000000
      },
      "iodepth_submit" : {
        "0" : 0.000000,
        "4" : 100.000000,
        "8" : 0.000000,
        "16" : 0.000000,
        "32" : 0.000000,
        "64" : 0.000000,
        ">=64" : 0.000000
      },
      "iodepth_complete" : {
        "0" : 0.000000,
        "4" : 100.000000,
        "8" : 0.000000,
        "16" : 0.000000,
        "32" : 0.000000,
        "64" : 0.000000,
        ">=64" : 0.000000
      },
      "latency_ns" : {
        "2" : 0.000000,
        "4" : 0.000000,
        "10" : 0.000000,
        "20" : 0.000000,
        "50" : 0.000000,
        "100" : 0.000000,
        "250" : 0.000000,
        "500" : 0.000000,
        "750" : 0.000000,
        "1000" : 0.000000
      },
      "latency_us" : {
        "2" : 0.000000,
        "4" : 0.000000,
        "10" : 0.000000,
        "20" : 0.000000,
        "50" : 0.000000,
        "100" : 17.660251,
        "250" : 18.479111,
        "500" : 42.994489,
        "750" : 18.303517,
        "1000" : 2.340096
      },
      "latency_ms" : {
        "2" : 0.206888,
        "4" : 0.012170,
        "10" : 0.010000,
        "20" : 0.000000,
        "50" : 0.000000,
        "100" : 0.000000,
        "250" : 0.000000,
        "500" : 0.000000,
        "750" : 0.000000,
        "1000" : 0.000000,
        "2000" : 0.000000,
        ">=2000" : 0.000000
      },
      "latency_depth" : 1,
      "latency_target" : 0,
      "latency_target_ns" : 0,
      "latency_percentile" : 100.000000,
      "latency_window" : 0,
      "latency_window_us" : 0
    }
  ]
}
